# candidate<TAB>misread reading (toneless, compact)
# Project-maintained common misreadings of standard words, e.g. 暂时 is zanshi but often typed zhanshi.
# Each word is inserted fifth on the misread row (after its top four candidates) or gets a new row.
给予	geiyu
主角	zhujiao
角色	jiaose
配角	peijiao
说服	shuifu
游说	youshuo
模样	moyang
一模一样	yimoyiyang
装模作样	zhuangmozuoyang
模板	moban
馄饨	hundun
埋怨	maiyuan
木讷	muna
龟裂	guilie
槟榔	binlang
弄堂	nongtang
心宽体胖	xinkuantipang
虚与委蛇	xuyuweishe
刹那	shana
酗酒	xiongjiu
粗犷	cukuang
纤维	qianwei
包扎	baozha
慰藉	weiji
狼藉	langjie
蹊跷	xiqiao
咀嚼	jujiao
媲美	bimei
睥睨	bini
自诩	ziyu
呱呱坠地	guaguazhuidi
瞠目结舌	tangmujieshe
莘莘学子	xinxinxuezi
叱咤风云	chichafengyun
一蹴而就	yijiuerjiu
暴殄天物	baozhentianwu
按捺	annai
否极泰来	foujitailai
大腹便便	dafubianbian
着陆	zhaolu
着落	zhaoluo
着重	zhaozhong
着想	zhaoxiang
塑料	shuoliao
塑造	shuozao
流血	liuxie
解剖	jiepao
鞭笞	biantai
恣意	ciyi
桎梏	zhigao
酝酿	yunrang
暂时	zhanshi
暂且	zhanqie
谄媚	xianmei
赝品	yingpin
纨绔	wankua
殷红	yinhong
包庇	baopi
庇护	pihu
发酵	faxiao
潦草	laocao
蓦然	muran
纰漏	bilou
执拗	zhiao
刽子手	kuaizishou
嗔怪	zhenguai
痤疮	zuochuang
胴体	tongti
良莠不齐	liangxiubuqi
鳞次栉比	lincijiebi
针砭时弊	zhenfashibi
憧憬	tongjing

# modern-frequency recovery: deep-position words (inserted fifth, depth-protected)
一丈	yizhang
一丝	yisi
一中	yizhong
一为	yiwei
一九八	yijiuba
一事	yishi
一五	yiwu
一介	yijie
一仗	yizhang
一任	yiren
一例	yili
一关	yiguan
一具	yiju
一击	yiji
一剑	yijian
一加	yijia
一动	yidong
一劫	yijie
一区	yiqu
一变	yibian
一向	yixiang
一吻	yiwen
一味	yiwei
一响	yixiang
一四	yisi
一在	yizai
一城	yicheng
一堵	yidu
一声	yisheng
一夕	yixi
一季	yiji
一尝	yichang
一己	yiji
一席	yixi
一幅	yifu
一建	yijian
一弹	yitan
一役	yiyi
一惊	yijing
一想	yixiang
一护	yihu
一报	yibao
一挥	yihui
一掌	yizhang
一探	yitan
一支	yizhi
一数	yishu
一时	yishi
一星	yixing
一景	yijing
一期	yiqi
一木	yimu
一柱	yizhu
一树	yishu
一案	yian
一棵	yike
一死	yisi
一汽	yiqi
一游	yiyou
一滴	yidi
一玩	yiwan
一省	yisheng
一程	yicheng
一章	yizhang
一箭	yijian
一箱	yixiang
一袭	yixi
一记	yiji
一语	yiyu
一课	yike
一辈	yibei
一遇	yiyu
一长	yichang
一间	yijian
一隅	yiyu
一题	yiti
一鸣	yiming
丁当	dingdang
七一	qiyi
七十	qishi
七处	qichu
七种	qizhong
七道	qidao
七部	qibu
七间	qijian
万山	wanshan
三官	sanguan
三弦	sanxian
三房	sanfang
三枝	sanzhi
三相	sanxiang
三阳	sanyang
上人	shangren
上佳	shangjia
上刻	shangke
上城	shangcheng
上家	shangjia
上师	shangshi
上弦	shangxian
上房	shangfang
上移	shangyi
上蔡	shangcai
上虞	shangyu
上集	shangji
上颌	shanghe
下陷	xiaxian
不一	buyi
不以	buyi
不伤	bushang
不倒	budao
不值	buzhi
不利	buli
不力	buli
不只	buzhi
不向	buxiang
不响	buxiang
不实用	bushiyong
不属	bushu
不已	buyi
不彰	buzhang
不支	buzhi
不法	bufa
不洁	bujie
不济	buji
不离	buli
不肖	buxiao
不计	buji
不记	buji
不试	bushi
不详	buxiang
不语	buyu
不达	buda
不长	buchang
不降	bujiang
不香	buxiang
专书	zhuanshu
专事	zhuanshi
专指	zhuanzhi
专治	zhuanzhi
专班	zhuanban
专程	zhuancheng
专署	zhuanshu
专集	zhuanji
世事	shishi
世卫	shiwei
世情	shiqing
世族	shizu
世祖	shizu
世间	shijian
世面	shimian
丛中	congzhong
东至	dongzhi
东道	dongdao
丝质	sizhi
两个卄	lianggenian
两伊	liangyi
两例	liangli
两册	liangce
两制	liangzhi
两厢	liangxiang
两子	liangzi
两字	liangzi
两季	liangji
两州	liangzhou
两席	liangxi
两房	liangfang
两晋	liangjin
两期	liangqi
两检	liangjian
两班	liangban
两相	liangxiang
两立	liangli
两粒	liangli
两集	liangji
严令	yanling
严整	yanzheng
个例	geli
中企	zhongqi
中位	zhongwei
中保	zhongbao
中信	zhongxin
中兴	zhongxing
中创	zhongchuang
中化	zhonghua
中国化	zhongguohua
中国史	zhongguoshi
中坜	zhongli
中子	zhongzi
中字	zhongzi
中市	zhongshi
中常	zhongchang
中建	zhongjian
中指	zhongzhi
中新	zhongxin
中时	zhongshi
中星	zhongxing
中楷	zhongkai
中油	zhongyou
中游	zhongyou
中点	zhongdian
中症	zhongzheng
中种	zhongzhong
中程	zhongcheng
中端	zhongduan
中级	zhongji
中职	zhongzhi
中街	zhongjie
中视	zhongshi
中译	zhongyi
中试	zhongshi
中过	zhongguo
中都	zhongdu
中音	zhongyin
丰县	fengxian
丰城	fengcheng
丰裕	fengyu
串起	chuanqi
为先	weixian
为免	weimian
为友	weiyou
为妻	weiqi
为师	weishi
为政	weizheng
为期	weiqi
为生	weisheng
为食	weishi
为饵	we
主使	zhushi
主叫	zhujiao
主父	zhufu
主理	zhuli
主祭	zhuji
主计	zhuji
丽人	liren
丽兹	lizi
丽塔	lita
举重	juzhong
久已	jiuyi
义举	yiju
义乌	yiwu
义县	yixian
义士	yishi
义子	yizi
义愤	yifen
义母	yimu
义父	yifu
义理	yili
义肢	yizhi
之主	zhizhu
之义	zhiyi
之书	zhishu
之争	zhizheng
之事	zhishi
之于	zhiyu
之交	zhijiao
之位	zhiwei
之冠	zhiguan
之刃	zhiren
之剑	zhijian
之力	zhili
之势	zhishi
之友	zhiyou
之名	zhiming
之命	zhiming
之城	zhicheng
之境	zhijing
之士	zhishi
之声	zhisheng
之姿	zhizi
之宝	zhibao
之屋	zhiwu
之巅	zhidian
之影	zhiying
之役	zhiyi
之意	zhiyi
之效	zhixiao
之敌	zhidi
之新	zhixin
之时	zhishi
之术	zhishu
之机	zhiji
之权	zhiquan
之极	zhiji
之树	zhishu
之水	zhishui
之江	zhijiang
之泉	zhiquan
之深	zhishen
之源	zhiyuan
之理	zhili
之福	zhifu
之称	zhicheng
之翼	zhiyi
之耻	zhichi
之职	zhizhi
之舞	zhiwu
之花	zhihua
之虞	zhiyu
之行	zhixing
之计	zhiji
之语	zhiyu
之道	zhidao
乌江	wujiang
乌达	wuda
乔石	qiaoshi
乘势	chengshi
乘积	chengji
乙烷	yiwan
乙级	yiji
九世	jiushi
九亿	jiuyi
九尾	jiuwei
九箱	jiuxiang
九间	jiujian
九项	jiuxiang
乞儿	qier
习习	xixi
乡级	xiangji
乡试	xiangshi
乡贤	xiangxian
乡郊	xiangjiao
书市	shushi
书成	shucheng
争执	zhengzhi
事中	shizhong
事事	shishi
事例	shili
事先	shixian
事出	shichu
事宜	shiyi
事理	shili
事迹	shiji
事隔	shige
事项	shixiang
二至	erzhi
互市	hushi
五七	wuqi
五中	wuzhong
五五	wuwu
五凤	wufeng
五到	wudao
五华	wuhua
五原	wuyuan
五县	wuxian
五味	wuwei
五场	wuchang
五城	wucheng
五声	wusheng
五夜	wuye
五常	wuchang
五是	wushi
五期	wuqi
五级	wuji
五道	wudao
五里	wuli
井田	jingtian
亡佚	wangyi
交回	jiaohui
交好	jiaohao
交尾	jiaowei
交欢	jiaohuan
交汇	jiaohui
交游	jiaoyou
交火	jiaohuo
交由	jiaoyou
交相	jiaoxiang
亦庄	yizhuang
亦是	yishi
享寿	xiangshou
京官	jingguan
京师	jingshi
京报	jingbao
京畿	jingji
人命	renming
人性	renxing
人氏	renshi
人知	renzhi
亿万	yiwan
亿亩	yimu
亿件	yijian
亿斤	yijin
亿桶	yitong
亿颗	yike
仁寿	renshou
仅只	jinzhi
仅是	jinshi
今世	jinshi
介质	jiezhi
他讲	tajiang
付印	fuyin
仙人	xianren
仙器	xianqi
仙气	xianqi
仙游	xianyou
仙界	xianjie
令行	lingxing
以不	yibu
以人	yiren
以作	yizuo
以保	yibao
以其	yiqi
以利	yili
以备	yibei
以大	yida
以德	yide
以期	yiqi
以死	yisi
以示	yishi
以至	yizhi
以致	yizhi
以达	yida
仪仗	yizhang
仪器	yiqi
仪征	yizheng
仪礼	yili
件事	jianshi
仿制	fangzhi
企求	qiqiu
伊人	yiren
伊夫	yifu
伊始	yishi
伊川	yichuan
伊犁	yili
伊达	yida
伎俩	jiliang
众将	zhongjiang
众星	zhongxing
众议员	zhongyiyuan
众院	zhongyuan
优子	youzi
优步	youbu
优香	youxiang
会像	huixiang
会党	huidang
会受	huishou
会向	huixiang
会徽	huihui
会想	huixiang
会昌	huichang
会理	huili
会籍	huiji
会通	huitong
传道	chuandao
伤及	shangji
伫立	zhuli
伯力	boli
伸冤	shenyuan
伸直	shenzhi
伺机	siji
似地	sidi
位址	weizhi
位移	weiyi
位阶	weijie
低利	dili
住建	zhujian
体性	tixing
余庆	yuqing
余种	yuzhong
余粮	yuliang
余裕	yuyu
余项	yuxiang
佣工	yonggong
佳丽	jiali
佳佳	jiajia
使之	shizhi
使它	shita
使馆	shiguan
供用	gongyong
依仗	yizhang
依依	yiyi
依附	yifu
侦缉	zhenji
便成	biancheng
保利	baoli
保德	baode
保甲	baojia
保藏	baocang
保释	baoshi
信上	xinshang
信义	xinyi
信实	xinshi
信源	xinyuan
信笺	xinjian
俯仰	fuyang
倚仗	yizhang
倚重	yizhong
借势	jieshi
借重	jiezhong
值守	zhishou
值机	zhiji
倾倒	qingdao
倾角	qingjiao
偃师	yanshi
假意	jiayi
健一	jianyi
健行	jianxing
傻事	shashi
像在	xiangzai
像头	xiangtou
像样	xiangyang
僵尸	jiangshi
僵直	jiangzhi
元华	yuanhua
元始	yuanshi
元氏	yuanshi
先主	xianzhu
先于	xianyu
先出	xianchu
先声	xiansheng
先得	xiande
先想	xianxiang
先期	xianqi
先由	xianyou
先试	xianshi
先贤	xianxian
先遣	xianqian
先验	xianyan
克己	keji
克里	keli
免试	mianshi
党史	dangshi
党籍	dangji
入仕	rushi
入时	rushi
全为	quanwei
全属	quanshu
全时	quanshi
全舰	quanjian
八七	baqi
八丈	bazhang
八八	baba
公人	gongren
公使	gongshi
公制	gongzhi
公历	gongli
公厘	gongli
公室	gongshi
公愤	gongfen
公房	gongfang
公猪	gongzhu
公示	gongshi
公祭	gongji
公营	gongying
公视	gongshi
六方	liufang
六爷	liuye
六艺	liuyi
六项	liuxiang
兮兮	xixi
共事	gongshi
共妻	gongqi
共治	gongzhi
共管	gongguan
共识	gongshi
关原	guanyuan
兴县	xingxian
兴味	xingwei
兴城	xingcheng
兴安县	xinganxian
兴山	xingshan
兵制	bingzhi
兵员	bingyuan
兵源	bingyuan
兵种	bingzhong
其子	qizi
其意	qiyi
其成	qicheng
其是	qishi
其父	qifu
其职	qizhi
典籍	dianji
养羊	yangyang
兼任	jianren
兼收	jianshou
兼管	jianguan
兼营	jianying
兽性	shouxing
兽用	shouyong
兽药	shouyao
冀东	jidong
冀中	jizhong
冀南	jinan
冀望	jiwang
内镜	neijing
再向	zaixiang
再想	zaixiang
军职	junzhi
冠上	guanshang
冠县	guanxian
冠王	guanwang
冬宫	donggong
冰释	bingshi
冲积	chongji
冻醒	dongxing
净值	jingzhi
净身	jingshen
净重	jingzhong
凉介	liangjie
凉凉	liangliang
凉山	liangshan
减值	jianzhi
减到	jiandao
减脂	jianzhi
减至	jianzhi
减薪	jianxin
几世纪	jishiji
几件	jijian
几刀	jidao
几幅	jifu
几度	jidu
几拳	jiquan
几支	jizhi
几斤	jijin
几时	jishi
几期	jiqi
几架	jijia
几棵	jike
几滴	jidi
几粒	jili
几起	jiqi
几辆	jiliang
几里	jili
几间	jijian
几项	jixiang
凤城	fengcheng
凤尾	fengwei
凭藉	pingjie
凶嫌	xiongxian
出世	chushi
出京	chujing
出使	chushi
出声	chusheng
出拳	chuquan
出警	chujing
出阵	chuzhen
出首	chushou
击伤	jishang
击出	jichu
击剑	jijian
分枝	fenzhi
刑案	xingan
划一	huayi
划界	huajie
刘姓	liuxing
刘渊	liuyuan
创伤	chuangshang
初时	chushi
初相	chuxiang
初试	chushi
删剪	shanjian
利器	liqi
利基	liji
利己	liji
制售	zhishou
制宪	zhixian
制式	zhishi
制程	zhicheng
刻石	keshi
剂型	jixing
削平	xiaoping
前值	qianzhi
前委	qianwei
前导	qiandao
前殿	qiandian
前置	qianzhi
前肢	qianzhi
前震	qianzhen
剑南	jiannan
剑士	jianshi
剑山	jianshan
剑气	jianqi
剑道	jiandao
剑阁	jiange
剧种	juzhong
剩的	shengde
剪接	jianjie
剪纸	jianzhi
副职	fuzhi
副食	fushi
割成	gecheng
割除	gechu
力克	like
劝诱	quanyou
加力	jiali
加时	jiashi
加装	jiazhuang
加诸	jiazhu
加香	jiaxiang
务实	wushi
势利	shili
势力	shili
勒死	leisi
包覆	baofu
包销	baoxiao
包间	baojian
化生	huasheng
北关	beiguan
北电	beidian
医书	yishu
医务	yiwu
医师	yishi
医治	yizhi
医病	yibing
十七	shiqi
十两	shiliang
十人	shiren
十件	shijian
十余	shiyu
十佳	shijia
十几	shiji
十名	shiming
十堰	shiyan
十字	shizi
十家	shijia
十小时	shixiaoshi
十届	shijie
十指	shizhi
十数	shishu
十种	shizhong
十部	shibu
十里	shili
十项	shixiang
千件	qianjian
千手	qianshou
千斤	qianjin
千玺	qianxi
升值	shengzhi
升力	shengli
升格	shengge
升至	shengzhi
升限	shengxian
午前	wuqian
半块	bankuai
华亭	huating
华县	huaxian
华星	huaxing
华洋	huayang
华里	huali
协理	xieli
卑诗	beishi
单县	shanxian
单极	danji
单枞	dancong
单级	danji
单肩	danjian
卖房	maifang
南原	nanyuan
南移	nanyi
南缘	nanyuan
南行	nanxing
博罗	boluo
卤化	luhua
卫士	weishi
卫尉	weiwei
卫戍	weishu
卫校	weixiao
印行	yinxing
危亡	weiwang
危及	weiji
危城	weicheng
即以	jiyi
即会	jihui
即位	jiwei
即发	jifa
即席	jixi
即是	jishi
即期	jiqi
即食	jishi
历数	lishu
厉声	lisheng
厉行	lixing
厌世	yanshi
厌食	yanshi
原乡	yuanxiang
原住	yuanzhu
原审	yuanshen
原式	yuanshi
原形	yuanxing
原爆	yuanbao
原由	yuanyou
原石	yuanshi
原订	yuanding
厨师	chushi
厨神	chushen
去想	quxiang
县上	xianshang
县乡	xianxiang
县人	xianren
县县	xianxian
县境	xianjing
县尉	xianwei
县属	xianshu
县市	xianshi
县府	xianfu
县志	xianzhi
县立	xianli
又一	youyi
又与	youyu
又以	youyi
又名	youming
又是	youshi
及第	jidi
及至	jizhi
友谊	youyi
双声	shuangsheng
双桨	shuangjiang
双椒	shuangjiao
双江	shuangjiang
发式	fashi
叔侄	shuzhi
取道	qudao
取食	qushi
受其	shouqi
受奖	shoujiang
受降	shouxiang
变型	bianxing
变质	bianzhi
古猿	guyuan
古称	gucheng
句型	juxing
只愿	zhiyuan
只手	zhishou
只消	zhixiao
只点	zhidian
只知	zhizhi
只限	zhixian
叫住	jiaozhu
叫到	jiaodao
叫座	jiaozuo
叫道	jiaodao
召妓	zhaoji
可至	kezhi
可视	keshi
台基	taiji
台籍	taiji
史地	shidi
史官	shiguan
史家	shijia
史籍	shiji
史观	shiguan
史诗	shishi
史话	shihua
史迹	shiji
右一	youyi
右倾	youqing
右卫	youwei
右肩	youjian
右舷	youxian
叶县	yexian
号志	haozhi
司命	siming
司理	sili
叽叽	jiji
吁请	yuqing
合子	hezi
合式	heshi
合议	heyi
吉克	jike
吉打	jida
吉水	jishui
吉贝	jibei
吉达	jida
吉野	jiye
吉首	jishou
同乡	tongxiang
同享	tongxiang
同处	tongchu
同姓	tongxing
同是	tongshi
同江	tongjiang
同治	tongzhi
同知	tongzhi
同质	tongzhi
同量	tongliang
同高	tonggao
名士	mingshi
名教	mingjiao
后市	houshi
吏治	lizhi
向你	xiangni
向其	xiangqi
向她	xiangta
向西	xiangxi
吟诗	yinshi
含水	hanshui
听障	tingzhang
启事	qishi
吴中	wuzhong
吴县	wuxian
吴子	wuzi
吴忠	wuzhong
吸力	xili
吸进	xijin
吾人	wuren
呈交	chengjiao
呈递	chengdi
周济	zhouji
和县	hexian
和议	heyi
咸味	xianwei
咸猪	xianzhu
咸蟹	xianxie
哺育	buyu
唐氏	tangshi
唧唧	jiji
售予	shouyu
唱到	changdao
唱名	changming
唱和	changhe
唱得	changde
商事	shangshi
商埠	shangbu
商议	shangyi
嘉实	jiashi
嘉祥	jiaxiang
嘉里	jiali
噤声	jinsheng
四七	siqi
四世	sishi
四时	sishi
四架	sijia
四级	siji
四虎	sihu
四集	siji
回乡	huixiang
回佣	huiyong
回师	huishi
回想	huixiang
回线	huixian
回防	huifang
因由	yinyou
因缘	yinyuan
园景	yuanjing
围成	weicheng
围棋	weiqi
围歼	weijian
围网	weiwang
固始	gushi
国书	guoshu
国势	guoshi
国史	guoshi
国师	guoshi
国教	guojiao
国殇	guoshang
国清	guoqing
国相	guoxiang
国祥	guoxiang
图利	tuli
圆柱	yuanzhu
圈中	quanzhong
圣书	shengshu
圣方	shengfang
圣职	shengzhi
在先	zaixian
地契	diqi
地委	diwei
地支	dizhi
场场	changchang
场址	changzhi
均势	junshi
坐像	zuoxiang
坚实	jianshi
坚忍	jianren
坚贞	jianzhen
型式	xingshi
城址	chengzhi
城垣	chengyuan
城子	chengzi
城郭	chengguo
基体	jiti
基尔	jier
基干	jigan
基底	jidi
基德	jide
基期	jiqi
基督	jidu
基石	jishi
基质	jizhi
基进	jijin
基部	jibu
塬上	yuanshang
墙纸	qiangzhi
士人	shiren
士卒	shizu
士子	shizi
士族	shizu
士绅	shishen
声像	shengxiang
声名	shengming
声威	shengwei
声言	shengyan
声誉	shengyu
处世	chushi
处室	chushi
备齐	beiqi
复元	fuyuan
复利	fuli
复叶	fuye
复式	fushi
复课	fuke
夏县	xiaxian
外缘	waiyuan
多相	duoxiang
多角	duojiao
多项	duoxiang
多首	duoshou
大乐	dale
大乘	dacheng
大位	dawei
大冶	daye
大到	dadao
大化	dahua
大历	dali
大商	dashang
大圣	dasheng
大埔	dabu
大堤	dadi
大士	dashi
大夏	daxia
大姓	daxing
大姨	dayi
大威	dawei
大宇	dayu
大宛	dayuan
大富	dafu
大寒	dahan
大岛	dadao
大底	dadi
大成	dacheng
大振	dazhen
大敌	dadi
大旱	dahan
大时	dashi
大板	daban
大沽	dagu
大湾	dawan
大溪	daxi
大理	dali
大理市	dalishi
大生	dasheng
大疆	dajiang
大盗	dadao
大石	dashi
大码	dama
大礼	dali
大福	dafu
大胃	dawei
大花	dahua
大荔	dali
大赏	dashang
大邑	dayi
大钟	dazhong
大集	daji
大骂	dama
大鸡	daji
天保	tianbao
天兔	tiantu
天师	tianshi
天德	tiande
天极	tianji
天青	tianqing
太史	taishi
失事	shishi
失地	shidi
失常	shichang
失德	shide
失忆	shiyi
失水	shishui
失物	shiwu
失礼	shili
失神	shishen
失禁	shijin
失语	shiyu
失误	shiwu
失陷	shixian
夹具	jiaju
奇事	qishi
奇奇	qiqi
奇想	qixiang
奇石	qishi
奉化	fenghua
奉贤	fengxian
奠基	dianji
她向	taxiang
好险	haoxian
妖刀	yaodao
始兴	shixing
始建	shijian
始得	shide
始自	shizi
姑丈	guzhang
委以	weiyi
委身	weishen
姚记	yaoji
姜维	jiangwei
姿式	zishi
威仪	weiyi
威势	weishi
威县	weixian
威名	weiming
威州	weizhou
威盛	weisheng
威远	weiyuan
娇艳	jiaoyan
娓娓	weiwei
子星	zixing
孝廉	xiaolian
孝昌	xiaochang
孝经	xiaojing
孝道	xiaodao
学力	xueli
学理	xueli
学苑	xueyuan
孵出	fuchu
它又	tayou
它由	tayou
宇称	yucheng
宇野	yuye
守仁	shouren
守势	shoushi
守灵	shouling
安哥	ange
宗室	zongshi
官制	guanzhi
官职	guanzhi
官衔	guanxian
官道	guandao
定襄	dingxiang
宜人	yiren
宜兴	yixing
宜城	yicheng
宜家	yijia
宜居	yiju
宜川	yichuan
宜昌	yichang
宜良	yiliang
宜都	yidu
宜阳	yiyang
宝鉴	baojian
实为	shiwei
实事	shishi
实作	shizuo
实例	shili
实务	shiwu
实境	shijing
实据	shiju
实收	shishou
实有	shiyou
实绩	shiji
实重	shizhong
审察	shencha
客死	kesi
客籍	keji
室长	shizhang
宪制	xianzhi
宫室	gongshi
宫观	gongguan
宫里	gongli
家世	jiashi
家庄	jiazhuang
家计	jiaji
容县	rongxian
寄回	jihui
寄点	jidian
寄语	jiyu
寄递	jidi
密使	mishi
富丽	fuli
富力	fuli
富县	fuxian
富商	fushang
富庶	fushu
富源	fuyuan
寓于	yuyu
寓居	yuju
察院	chayuan
寿县	shouxian
寿阳	shouyang
寿险	shouxian
封禅	fengshan
封赏	fengshang
射向	shexiang
将之	jiangzhi
将使	jiangshi
将现	jiangxian
将至	jiangzhi
尉迟	yuchi
小乘	xiaocheng
小事	xiaoshi
小利	xiaoli
小史	xiaoshi
小命	xiaoming
小夜	xiaoye
小宇	xiaoyu
小巷	xiaoxiang
小建	xiaojian
小惠	xiaohui
小房	xiaofang
小桥	xiaoqiao
小生	xiaosheng
小电	xiaodian
小直	xiaozhi
小眼	xiaoyan
小石	xiaoshi
小结	xiaojie
小胜	xiaosheng
小舞	xiaowu
小节	xiaojie
小街	xiaojie
小视	xiaoshi
小贤	xiaoxian
小道	xiaodao
小项	xiaoxiang
小颖	xiaoying
小食	xiaoshi
小鹰	xiaoying
尖刀	jiandao
尖端	jianduan
尖角	jianjiao
尖货	jianhuo
尖顶	jianding
尚义	shangyi
尚属	shangshu
尚待	shangdai
尚志	shangzhi
尚武	shangwu
尤甚	youshen
尸检	shijian
尸身	shishen
尼亚	niya
尼科	nike
尽失	jinshi
尽己	jinji
尽收	jinshou
尾气	weiqi
尾羽	weiyu
居里	juli
届时	jieshi
屋前	wuqian
屋宇	wuyu
屋脊	wuji
属意	zhuyi
山势	shanshi
山市	shanshi
山石	shanshi
岂是	qishi
岔道	chadao
巍巍	weiwei
川上	chuanshang
川崎	chuanqi
州市	zhoushi
工事	gongshi
工件	gongjian
工房	gongfang
工时	gongshi
巨子	juzi
巨石	jushi
巩俐	gongli
巫师	wushi
已与	yiyu
已付	yifu
已出	yichu
已向	yixiang
已属	yishu
已往	yiwang
已无	yiwu
已是	yishi
已死	yisi
巴楚	bachu
巷子	xiangzi
币值	bizhi
币制	bizhi
市井	shijing
市侩	shikuai
市县	shixian
市售	shishou
市委	shiwei
市属	shishu
市直	shizhi
市立	shili
市级	shiji
市话	shihua
市集	shiji
布什	bushi
布依	buyi
布施	bushi
布置	buzhi
布艺	buyi
布衣	buyi
师从	shicong
师公	shigong
师承	shicheng
师法	shifa
师资	shizi
希勒	xile
帐幕	zhangmu
帝位	diwei
帝制	dizhi
帝力	dili
帝师	dishi
带伤	daishang
常为	changwei
常将	changjiang
常情	changqing
常由	changyou
常胜	changsheng
平线	pingxian
并为	bingwei
并使	bingshi
幸事	xingshi
幼师	youshi
幼幼	youyou
幼时	youshi
幼鱼	youyu
幽深	youshen
幽香	youxiang
广宇	guangyu
庆云	qingyun
庆元	qingyuan
庆安	qingan
庆幸	qingxing
应力	yingli
应县	yingxian
应城	yingcheng
应是	yingshi
应试	yingshi
底漆	diqi
底质	dizhi
店址	dianzhi
府县	fuxian
府第	fudi
廉洁	lianjie
廉署	lianshu
延寿	yanshou
延时	yanshi
延津	yanjin
延至	yanzhi
建元	jianyuan
建兴	jianxing
建制	jianzhi
建城	jiancheng
建委	jianwei
建屋	jianwu
建政	jianzheng
建新	jianxin
建树	jianshu
建校	jianxiao
建桥	jianqiao
建章	jianzhang
建置	jianzhi
廿年	niannian
开原	kaiyuan
开远	kaiyuan
异位	yiwei
异体	yiti
异味	yiwei
异响	yixiang
异型	yixing
异己	yiji
异禀	yibing
异见	yijian
异象	yixiang
异邦	yibang
弃子	qizi
式子	shizi
式微	shiwei
引子	yinzi
引援	yinyuan
引致	yinzhi
引荐	yinjian
引颈	yinjing
张仪	zhangyi
张量	zhangliang
弹子	danzi
强直	qiangzhi
强碱	qiangjian
形上	xingshang
形制	xingzhi
形势	xingshi
形管	xingguan
影史	yingshi
征伐	zhengfa
征得	zhengde
征象	zhengxiang
径向	jingxiang
径自	jingzi
很受	henshou
御制	yuzhi
御医	yuyi
御史	yushi
微利	weili
微晶	weijing
微机	weiji
微移	weiyi
微粒	weili
微鲸	weijing
德乙	deyi
德裔	deyi
德里	deli
徽商	huishang
心形	xinxing
心性	xinxing
心悸	xinji
忆起	yiqi
志向	zhixiang
志士	zhishi
志工	zhigong
志成	zhicheng
志远	zhiyuan
忠义	zhongyi
忠勇	zhongyong
忠实	zhongshi
忧郁	youyu
思乡	sixiang
思惟	siwei
怡保	yibao
怡和	yihe
急事	jishi
急于	jiyu
急冻	jidong
急电	jidian
急遽	jiju
急难	jinan
怦怦	pengpeng
性事	xingshi
性器	xingqi
性行	xingxing
总支	zongzhi
恋上	lianshang
恋恋	lianlian
恋童	liantong
恭迎	gongying
悠游	youyou
悠远	youyuan
患上了	huanshangle
悲恸	beitong
情到	qingdao
情势	qingshi
情史	qingshi
情圣	qingsheng
情诗	qingshi
惊世	jingshi
惊愕	jinge
惟其	weiqi
惟独	weidu
惩教	chengjiao
惯着	guanzhe
想像	xiangxiang
想见	xiangjian
想赚	xiangzhuan
惶惶	huanghuang
愈益	yuyi
意中	yizhong
意为	yiwei
意向	yixiang
意志	yizhi
意愿	yiyuan
意指	yizhi
意气	yiqi
意甲	yijia
意译	yiyi
意象	yixiang
愿为	yuanwei
愿主	yuanzhu
慎行	shenxing
戏里	xili
成县	chengxian
成心	chengxin
成法	chengfa
成衣	chengyi
成鱼	chengyu
戒指	jiezhi
戒除	jiechu
或成	huocheng
战例	zhanli
战史	zhanshi
战时	zhanshi
截击	jieji
戾气	liqi
所制	suozhi
手刃	shouren
手势	shoushi
手扶	shoufu
手摇	shouyao
手竿	shougan
手纸	shouzhi
手绘	shouhui
手迹	shouji
打一	dayi
打歌	dage
打码	dama
打输	dashu
打骂	dama
执事	zhishi
执委	zhiwei
执导	zhidao
执意	zhiyi
扬威	yangwei
扬子	yangzi
扬弃	yangqi
扶余	fuyu
扶助	fuzhu
扶植	fuzhi
承保	chengbao
承做	chengzuo
承继	chengji
技击	jiji
技师	jishi
抗暴	kangbao
抚育	fuyu
抚远	fuyuan
报上	baoshang
报知	baozhi
抱憾	baohan
抱著	baozhu
抵死	disi
拈花	nianhua
招式	zhaoshi
招徕	zhaolai
拟以	niyi
拟将	nijiang
拥进	yongjin
拳师	quanshi
拳术	quanshu
拾取	shiqu
拾起	shiqi
拿地	nadi
指使	zhishi
指印	zhiyin
指指	zhizhi
指掌	zhizhang
指斥	zhichi
指明	zhiming
指称	zhicheng
挤死	jisi
挹注	yizhu
挺直	tingzhi
捡拾	jianshi
据守	jushou
据实	jushi
捷利	jieli
授信	shouxin
授意	shouyi
授时	shoushi
授职	shouzhi
掌眼	zhangyan
探子	tanzi
接机	jieji
接济	jieji
接点	jiedian
控方	kongfang
揭示	jieshi
援华	yuanhua
援外	yuanwai
援建	yuanjian
搭上	dashang
搭个	dage
搭机	daji
搭船	dachuan
撂倒	liaodao
撞上	zhuangshang
撞机	zhuangji
撰述	zhuanshu
擎天	qingtian
支一	zhiyi
支助	zhizhu
支局	zhiju
支承	zhicheng
支教	zhijiao
支离	zhili
支系	zhixi
支链	zhilian
收为	shouwei
收付	shoufu
收尸	shoushi
收市	shoushi
收支	shouzhi
收治	shouzhi
收涨	shouzhang
收的	shoude
收腹	shoufu
收藏价	shoucangjia
收视	shoushi
收账	shouzhang
收贿	shouhui
收音	shouyin
攸县	youxian
改姓	gaixing
攻守	gongshou
攻防	gongfang
放箭	fangjian
政争	zhengzheng
政事	zhengshi
政企	zhengqi
政制	zhengzhi
政和	zhenghe
政客	zhengke
政教	zhengjiao
故城	gucheng
敌伪	diwei
敌机	diji
救市	jiushi
教友	jiaoyou
教场	jiaochang
教她	jiaota
教职	jiaozhi
敬献	jingxian
数家	shujia
数张	shuzhang
数架	shujia
数理	shuli
数的	shude
数种	shuzhong
数起	shuqi
数钱	shuqian
数间	shujian
数项	shuxiang
整建	zhengjian
整得	zhengde
整支	zhengzhi
整治	zhengzhi
整箱	zhengxiang
整间	zhengjian
整风	zhengfeng
整首	zhengshou
文县	wenxian
文士	wenshi
新丰	xinfeng
新制	xinzhi
新功	xingong
新县	xinxian
新地	xindi
新声	xinsheng
新妇	xinfu
新富	xinfu
新种	xinzhong
新税	xinshui
新立	xinli
新线	xinxian
新阳	xinyang
新集	xinji
新馆	xinguan
方城	fangcheng
方士	fangshi
方志	fangzhi
方知	fangzhi
施以	shiyi
施政	shizheng
施用	shiyong
施诗	shishi
无一	wuyi
无事	wushi
无以	wuyi
无余	wuyu
无几	wuji
无字	wuzi
无忌	wuji
无意	wuyi
无援	wuyuan
无方	wufang
无理	wuli
无畏地	wuweide
无疆	wujiang
无疑	wuyi
无虞	wuyu
无视	wushi
无道	wudao
无遗	wuyi
无际	wuji
无雨	wuyu
既可	jike
既已	jiyi
既得	jide
既是	jishi
旧事	jiushi
旧例	jiuli
旧制	jiuzhi
旧友	jiuyou
旧型	jiuxing
旧时	jiushi
旧有	jiuyou
旧称	jiucheng
旧译	jiuyi
旨意	zhiyi
旨趣	zhiqu
时事	shishi
时任	shiren
时兴	shixing
时务	shiwu
时势	shishi
时区	shiqu
时域	shiyu
时已	shiyi
时应	shiying
时数	shishu
时时	shishi
时有	shiyou
时用	shiyong
时至	shizhi
时起	shiqi
时钟	shizhong
时间中	shijianzhong
昌德	changde
昌江	changjiang
昌邑	changyi
昌黎	changli
明理	mingli
易县	yixian
易名	yiming
易手	yishou
易经	yijing
易货	yihuo
星号	xinghao
星形	xingxing
星相	xingxiang
星矢	xingshi
春华	chunhua
昭帝	zhaodi
昭示	zhaoshi
是一	shiyi
是人	shiren
是以	shiyi
是件	shijian
是位	shiwei
是假	shijia
是像	shixiang
是去	shiqu
是哩	shili
是夜	shiye
是小	shixiao
是想	shixiang
是用	shiyong
是真	shizhen
是种	shizhong
显像	xianxiang
显式	xianshi
显微	xianwei
显性	xianxing
显明	xianming
显要	xianyao
显见	xianjian
晋城	jincheng
晋州	jinzhou
晋见	jinjian
景况	jingkuang
景县	jingxian
景教	jingjiao
晶石	jingshi
晶粒	jingli
晶系	jingxi
智子	zhizi
暗器	anqi
暗地	andi
暗箱	anxiang
暨南	jinan
暴利	baoli
暴食	baoshi
曲式	qushi
曲直	quzhi
更胜	gengsheng
月蚀	yueshi
有件	youjian
有伤	youshang
有史	youshi
有型	youxing
有性	youxing
有想	youxiang
有意	youyi
有生	yousheng
有礼	youli
有线	youxian
有违	youwei
有鱼	youyu
服输	fushu
朝圣	chaosheng
未予	weiyu
未几	weiji
未及	weiji
未嫁	weijia
未得	weide
未眠	weimian
未竟	weijing
未解	weijie
本乡	benxiang
术士	shushi
朱子	zhuzi
机件	jijian
机位	jiwei
机具	jiju
机厂	jichang
机壳	jike
机师	jishi
机架	jijia
机理	jili
机电	jidian
机种	jizhong
机腹	jifu
机长	jizhang
权位	quanwei
权术	quanshu
李佳	lijia
李子	lizi
李家	lijia
李斯	lisi
杞县	qixian
条石	tiaoshi
杨广	yangguang
杨洋	yangyang
杰里	jieli
板上	banshang
极值	jizhi
极刑	jixing
极右	jiyou
极地	jidi
极好	jihao
极富	jifu
极尽	jijin
极有	jiyou
极道	jidao
枝叶	zhiye
枝江	zhijiang
枝节	zhijie
枪的	qiangde
架势	jiashi
架式	jiashi
柯西	kexi
柱石	zhushi
柳城	liucheng
柿子	shizi
栀子	zhizi
树起	shuqi
树里	shuli
栖地	qidi
栖霞	qixia
校企	xiaoqi
校办	xiaoban
校务	xiaowu
校名	xiaoming
校址	xiaozhi
校尉	xiaowei
校报	xiaobao
校注	jiaozhu
校级	xiaoji
校花	xiaohua
校董	xiaodong
校际	xiaoji
校风	xiaofeng
株连	zhulian
核试	heshi
格利	geli
格力	geli
格里	geli
桐乡	tongxiang
桐城	tongcheng
桔子	juzi
梁家	liangjia
梅里	meili
梨树	lishu
检定	jianding
检查官	jianchaguan
棋艺	qiyi
植牙	zhiya
楔子	xiezi
概观	gaiguan
榜上	bangshang
樟宜	zhangyi
樟木	zhangmu
横尸	hengshi
橙味	chengwei
橙汁	chengzhi
橡胶	xiangjiao
檄文	xiwen
欣怡	xinyi
欲知	yuzhi
歉收	qianshou
歙县	shexian
正事	zhengshi
正体	zhengti
正像	zhengxiang
正副	zhengfu
正压	zhengya
正史	zhengshi
正妻	zhengqi
正德	zhengde
正教	zhengjiao
正极	zhengji
正果	zhengguo
正气	zhengqi
正电	zhengdian
正畸	zhengji
正职	zhengzhi
正装	zhengzhuang
此际	ciji
步长	buchang
武举	wuju
武义	wuyi
武乡	wuxiang
武力	wuli
武城	wucheng
武夷	wuyi
武威	wuwei
武山	wushan
武昌	wuchang
武胜	wusheng
武艺	wuyi
歧见	qijian
死机	siji
歼击	jianji
殃及	yangji
段氏	duanshi
殷实	yinshi
殿试	dianshi
毁伤	huishang
毋忘	wuwang
毋须	wuxu
每分	meifen
每季	meiji
每间	meijian
毛里塔尼亚	maolitaniya
气相	qixiang
氢化	qinghua
氨气	anqi
水势	shuishi
水罐	shuiguan
永世	yongshi
永仁	yongren
永利	yongli
永胜	yongsheng
汇成	huicheng
汇文	huiwen
汇贤	huixian
汉室	hanshi
汉水	hanshui
汗王	hanwang
汞柱	gongzhu
江安	jiangan
江油	jiangyou
江道	jiangdao
污渍	wuzi
汤原	tangyuan
汪家	wangjia
汴梁	bianliang
沂南	yinan
沈家	shenjia
沈清	shenqing
沙市	shashi
沙石	shashi
河狸	heli
河里	heli
油厂	youchang
油市	youshi
油电	youdian
油罐	youguan
油船	youchuan
油量	youliang
沾有	zhanyou
沿袭	yanxi
泉城	quancheng
法例	fali
法政	fazheng
法籍	faji
泛称	fancheng
波利	boli
注疏	zhushu
注脚	zhujiao
泰姬	taiji
泰西	taixi
泾县	jingxian
泾阳	jingyang
洋菜	yangcai
洋财	yangcai
洞洞	dongdong
津市	jinshi
洪堡	hongbao
浇注	jiaozhu
浇铸	jiaozhu
济源	jiyuan
济阳	jiyang
浠水	xishui
浮上	fushang
浮力	fuli
浮尸	fushi
海狸	haili
海蚀	haishi
浸水	jinshui
浸湿	jinshi
涂漆	tuqi
消停	xiaoting
消减	xiaojian
消声	xiaosheng
消暑	xiaoshu
消气	xiaoqi
消消	xiaoxiao
消瘦	xiaoshou
消解	xiaojie
消长	xiaozhang
消闲	xiaoxian
涉县	shexian
涉险	shexian
涌进	yongjin
涟涟	lianlian
涤丝	disi
液相	yexiang
淇县	qixian
深处	shenchu
深州	shenzhou
深知	shenzhi
淳化	chunhua
清净	qingjing
清初	qingchu
清剿	qingjiao
清原	qingyuan
清史	qingshi
清唱	qingchang
清心	qingxin
清源	qingyuan
清苑	qingyuan
清远	qingyuan
渊源	yuanyuan
渔人	yuren
温氏	wenshi
渴死	kesi
游历	youli
游子	youzi
游弋	youyi
游憩	youqi
游水	youshui
游离	youli
游移	youyi
游艺	youyi
游行	youxing
游遍	youbian
游鱼	youyu
湘乡	xiangxiang
湘桂	xianggui
湘赣	xianggan
湘阴	xiangyin
湾里	wanli
湿手	shishou
湿法	shifa
湿疣	shiyou
湿疹	shizhen
源地	yuandi
源氏	yuanshi
溢出	yichu
滑县	huaxian
滑向	huaxiang
滑石	huashi
滞胀	zhizhang
潇湘	xiaoxiang
潞城	lucheng
澧县	lixian
激愤	jifen
火力	huoli
灰线	huixian
灵寿	lingshou
灾变	zaibian
点触	dianchu
烟管	yanguan
烟霞	yanxia
焉耆	yanqi
焚香	fenxiang
焦化	jiaohua
煎锅	jianguo
煤田	meitian
煤电	meidian
照人	zhaoren
煮成	zhucheng
煮食	zhushi
熔化	ronghua
熟习	shouxi
熟制	shouzhi
熟时	shoushi
熠熠	yiyi
爆表	baobiao
爱莉	aili
片式	pianshi
物力	wuli
物性	wuxing
物象	wuxiang
牵线	qianxian
犍为	qianwei
狮城	shicheng
猩猩	xingxing
猪哥	zhuge
猪手	zhushou
猪脚	zhujiao
献县	xianxian
献金	xianjin
王上	wangshang
王建	wangjian
王氏	wangshi
王石	wangshi
玩完	wanwan
环上	huanshang
现世	xianshi
现值	xianzhi
现址	xianzhi
现形	xianxing
现时	xianshi
现汇	xianhui
现职	xianzhi
现钱	xianqian
理事	lishi
理子	lizi
理政	lizheng
甚微	shenwei
甚深	shenshen
甚远	shenyuan
生下	shengxia
生丝	shengsi
生人	shengren
生员	shengyuan
生地	shengdi
生境	shengjing
生字	shengzi
生崽	shengzai
生得	shengde
生技	shengji
生是	shengshi
生机	shengji
生殖	shengzhi
生活史	shenghuoshi
生父	shengfu
生育	shengyu
生食	shengshi
用刀	yongdao
甲乙	jiayi
甲状	jiazhuang
甲酯	jiazhi
申述	shenshu
电刑	dianxing
电性	dianxing
电教	dianjiao
电石	dianshi
画上	huashang
画室	huashi
画轴	huazhou
留长	liuchang
畜生	chusheng
畸形	jixing
疆域	jiangyu
疏失	shushi
疏离	shuli
疑惧	yiju
疫区	yiqu
疹子	zhenzi
病源	bingyuan
病种	bingzhong
病逝	bingshi
症结	zhengjie
痼疾	guji
瘦长	shouchang
白井	baijing
白莲	bailian
白读	baidu
白质	baizhi
百世	baishi
百兽	baishou
百景	baijing
百灵	bailing
皆是	jieshi
益发	yifa
益气	yiqi
盐井	yanjing
盐务	yanwu
盐场	yanchang
盐碱	yanjian
监事	jianshi
监制	jianzhi
监委	jianwei
监察员	jianchayuan
盗圣	daosheng
盛世	shengshi
盛华	shenghua
盛誉	shengyu
盟员	mengyuan
直取	zhiqu
直叫	zhijiao
直指	zhizhi
直树	zhishu
直直	zhizhi
直管	zhiguan
直隶	zhili
相乐	xiangle
相去	xiangqu
相合	xianghe
相向	xiangxiang
相吻	xiangwen
相异	xiangyi
相形	xiangxing
相承	xiangcheng
相映	xiangying
相视	xiangshi
相问	xiangwen
相靠	xiangkao
相马	xiangma
省下来	shengxialai
省事	shengshi
省力	shengli
省城	shengcheng
省市	shengshi
省府	shengfu
省时	shengshi
省直	shengzhi
省立	shengli
省籍	shengji
省网	shengwang
省里	shengli
省际	shengji
真事	zhenshi
真像	zhenxiang
真性	zhenxing
真挚	zhenzhi
真珠	zhenzhu
真相	zhenxiang
眼尖	yanjian
睡醒	shuixing
瞻礼	zhanli
矢量	shiliang
知事	zhishi
知府	zhifu
知性	zhixing
知趣	zhiqu
矫治	jiaozhi
短诗	duanshi
石井	shijing
石人	shiren
石台	shitai
石城	shicheng
石屋	shiwu
石屏	shiping
石岛	shidao
石川	shichuan
石河	shihe
石泉	shiquan
石湖	shihu
石砌	shiqi
石缝	shifeng
石英	shiying
石阶	shijie
石首	shishou
石鼓	shigu
矽谷	xigu
矿冶	kuangye
砂砾	shali
砌成	qicheng
研习	yanxi
研议	yanyi
砖厂	zhuanchang
砾石	lishi
硝化	xiaohua
硝基	xiaoji
硬尾	yingwei
磁极	ciji
礁石	jiaoshi
示人	shiren
示例	shili
示警	shijing
礼制	lizhi
礼器	liqi
祁县	qixian
祈雨	qiyu
祝寿	zhushou
祝祷	zhudao
神乐	shenyue
神位	shenwei
神兽	shenshou
神化	shenhua
神崎	shenqi
神机	shenji
神界	shenjie
神祗	shenzhi
神职	shenzhi
神起	shenqi
神鬼	shengui
祥子	xiangzi
祭仪	jiyi
祭司	jisi
祭礼	jili
祭祀	jisi
禁令	jinling
禁制	jinzhi
禁断	jinduan
禅师	chanshi
离世	lishi
离乡	lixiang
离奇	liqi
离子	lizi
种质	zhongzhi
科利	keli
科斯	kesi
科科	keke
科里	keli
秧鸡	yangji
积怨	jiyuan
积淀	jidian
积聚	jiju
称誉	chengyu
移位	yiwei
移出	yichu
移植	yizhi
程式	chengshi
程昱	chengyu
稍为	shaowei
税制	shuizhi
稔熟	renshou
穿得	chuande
窑址	yaozhi
立像	lixiang
立克	like
立地	lidi
立宪	lixian
立式	lishi
立时	lishi
立花	lihua
立誓	lishi
立起	liqi
立院	liyuan
竖直	shuzhi
竞彩	jingcai
竞演	jingyan
竞相	jingxiang
童心	tongxin
竹岛	zhudao
竹简	zhujian
笑到	xiaodao
笑道	xiaodao
笑颜	xiaoyan
筑城	zhucheng
筑堤	zhudi
筑底	zhudi
筑成	zhucheng
答的	dade
答道	dadao
简史	jianshi
简捷	jianjie
箝制	qianzhi
管弦	guanxian
管所	guansuo
管治	guanzhi
管状	guanzhuang
箭楼	jianlou
簿记	buji
粒子	lizi
粒径	lijing
粤东	yuedong
粮价	liangjia
粮饷	liangxiang
精典	jingdian
精制	jingzhi
精微	jingwei
精研	jingyan
精诚	jingcheng
系指	xizhi
系里	xili
紧实	jinshi
紫竹	zizhu
累死	leisi
纠风	jiufeng
红岩	hongyan
红衫	hongshan
红鹰	hongying
级数	jishu
纪委	jiwei
纪实	jishi
纪检	jijian
纬线	weixian
纸上	zhishang
纸业	zhiye
纸厂	zhichang
纸笔	zhibi
纸钱	zhiqian
线型	xianxing
线形	xianxing
练熟	lianshou
绅士	shenshi
细的	xide
终成	zhongcheng
终极	zhongji
终至	zhongzhi
经委	jingwei
经籍	jingji
结义	jieyi
结伙	jiehuo
结实	jieshi
结石	jieshi
结集	jieji
给与	jiyu
统制	tongzhi
统管	tongguan
继之	jizhi
绩优	jiyou
绩溪	jixi
绮丽	qili
绳网	shengwang
绳艺	shengyi
维园	weiyuan
维基	weiji
维维	weiwei
维语	weiyu
综观	zongguan
缉私	jisi
缓行	huanxing
编委	bianwei
编成	biancheng
缝线	fengxian
缴交	jiaojiao
缴税	jiaoshui
网费	wangfei
罗丝	luosi
罗城	luocheng
罗马式	luomashi
罢市	bashi
罪刑	zuixing
置疑	zhiyi
置顶	zhiding
署理	shuli
美善	meishan
美媒	meimei
美朝	meichao
美育	meiyu
美言	meiyan
美语	meiyu
羽衣	yuyi
翔实	xiangshi
翻供	fangong
翼城	yicheng
而终	erzhong
耳屎	ershi
耳饰	ershi
职前	zhiqian
职官	zhiguan
职掌	zhizhang
职教	zhijiao
职校	zhixiao
职涯	zhiya
职称	zhicheng
职级	zhiji
职衔	zhixian
联署	lianshu
肇因	zhaoyin
肇始	zhaoshi
肌理	jili
肝肾	ganshen
肥力	feili
育种	yuzhong
胃里	weili
胃镜	weijing
胆碱	danjian
背壳	beike
背弃	beiqi
背道	beidao
背风	beifeng
背鳍	beiqi
胎生	taisheng
胜于	shengyu
胜仗	shengzhang
胜景	shengjing
胰岛	yidao
胶块	jiaokuai
胶袋	jiaodai
胶质	jiaozhi
胸鳍	xiongqi
脊梁	jiliang
脚架	jiaojia
腐蚀	fushi
腹鳍	fuqi
自利	zili
自始	zishi
至圣	zhisheng
至正	zhizheng
至深	zhishen
至清	zhiqing
至熟	zhishou
至终	zhizhong
致人	zhiren
致伤	zhishang
致信	zhixin
致远	zhiyuan
舞阳	wuyang
舰上	jianshang
舰只	jianzhi
舰载	jianzai
良师	liangshi
艺体	yiti
艺文	yiwen
艾丽	aili
艾利	aili
艾利斯	ailisi
艾德蒙	aidemeng
节余	jieyu
节制	jiezhi
节录	jielu
节电	jiedian
芝士	zhishi
芝山	zhishan
花市	huashi
花梨	huali
芷江	zhijiang
苑里	yuanli
苗苗	miaomiao
英华	yinghua
英威	yingwei
英德	yingde
英杰	yingjie
荔枝	lizhi
荣县	rongxian
药王	yaowang
莉丝	lisi
莉亚	liya
莉娅	liya
莉娜	lina
莉雅	liya
莞尔	waner
莫里	moli
获刑	huoxing
菁英	jingying
菊石	jushi
菱形	lingxing
菲力普	feilipu
萝丝	luosi
萤石	yingshi
营位	yingwei
营里	yingli
营队	yingdui
萧县	xiaoxian
萧萧	xiaoxiao
落山	luoshan
董军	dongjun
蒂亚	diya
蒸汽	zhengqi
薏仁	yiren
薪传	xinchuan
薪俸	xinfeng
藉由	jieyou
藩篱	fanli
虾子	xiazi
蠡县	lixian
血缘	xueyuan
行事	xingshi
行使	xingshi
行刑	xingxing
行劫	xingjie
行尸	xingshi
行时	xingshi
行星	xingxing
行止	xingzhi
行至	xingzhi
行驶	xingshi
街景	jiejing
街机	jieji
衣物	yiwu
衣装	yizhuang
衣食	yishi
补时	bushi
补益	buyi
补语	buyu
补遗	buyi
衷心	zhongxin
袁立	yuanli
裕民	yumin
褒扬	baoyang
襄垣	xiangyuan
襄城	xiangcheng
襟翼	jinyi
西京	xijing
西华	xihua
西吉	xiji
西四	xisi
西园	xiyuan
西州	xizhou
西溪	xixi
西经	xijing
西翼	xiyi
要建	yaojian
要教	yaojiao
要试	yaoshi
见人	jianren
见报	jianbao
见方	jianfang
见见	jianjian
见识	jianshi
见诸	jianzhu
见长	jianchang
观堂	guantang
观星	guanxing
视点	shidian
视界	shijie
视障	shizhang
角头	jiaotou
角子	jiaozi
解出	jiechu
解渴	jieke
触法	chufa
触点	chudian
言及	yanji
言喻	yanyu
誓言	shiyan
警力	jingli
警监	jingjian
警花	jinghua
计委	jiwei
计程	jicheng
订定	dingding
议事	yishi
议价	yijia
议员	yiyuan
议院	yiyuan
记事	jishi
记叙	jixu
记帐	jizhang
记述	jishu
讲堂	jiangtang
访视	fangshi
证实	zhengshi
评弹	pingtan
识图	shitu
识字	shizi
识相	shixiang
诉愿	suyuan
诊室	zhenshi
译制	yizhi
译员	yiyuan
译成	yicheng
译法	yifa
译码	yima
译自	yizi
译著	yizhu
试乘	shicheng
试制	shizhi
试剂	shiji
试办	shiban
试机号	shijihao
试管	shiguan
试纸	shizhi
试著	shizhu
诗中	shizhong
诗书	shishu
诗作	shizuo
诗话	shihua
诗集	shiji
话机	huaji
诠释	quanshi
详实	xiangshi
详文	xiangwen
详见	xiangjian
语意	yuyi
语词	yuci
误事	wushi
误译	wuyi
误食	wushi
诱奸	youjian
诱敌	youdi
说事	shuoshi
说时	shuoshi
请点	qingdian
请示	qingshi
诸城	zhucheng
诸子	zhuzi
诸将	zhujiang
诸岛	zhudao
诸州	zhuzhou
诸暨	zhuji
诸生	zhusheng
课以	keyi
课时	keshi
调位	diaowei
谎报	huangbao
谓之	weizhi
谕旨	yuzhi
谷城	gucheng
谷城县	guchengxian
豪客	haoke
豫西	yuxi
负笈	fuji
贡士	gongshi
贤人	xianren
贤妻	xianqi
贤明	xianming
败犬	baiquan
货机	huoji
质检	zhijian
质点	zhidian
质证	zhizheng
贬抑	bianyi
贯注	guanzhu
贱种	jianzhong
费县	feixian
费里	feili
贺礼	heli
贻误	yiwu
贾谊	jiayi
资兴	zixing
赈济	zhenji
赋值	fuzhi
赋役	fuyi
赋诗	fushi
赏心	shangxin
赏识	shangshi
赐与	ciyu
赣榆	ganyu
赤城	chicheng
赤子	chizi
赤诚	chicheng
赵家	zhaojia
起止	qizhi
起疑	qiyi
起誓	qishi
起重	qizhong
趁势	chenshi
越西	yuexi
趾甲	zhijia
蹊径	xijing
身受	shenshou
身教	shenjiao
转制	zhuanzhi
转投	zhuantou
转机	zhuanji
转职	zhuanzhi
轶事	yishi
轶闻	yiwen
轻工	qinggong
载垣	zaiyuan
较之	jiaozhi
较常	jiaochang
辅仁	furen
辅食	fushi
辉石	huishi
辑录	jilu
输钱	shuqian
辖下	xiaxia
辛集	xinji
辞书	cishu
辩解	bianjie
边城	biancheng
达县	daxian
达叔	dashu
达官	daguan
达意	dayi
达维	dawei
达致	dazhi
迁回	qianhui
迁至	qianzhi
过手	guoshou
近东	jindong
近周	jinzhou
近程	jincheng
进击	jinji
进占	jinzhan
进士	jinshi
进宫	jingong
进洞	jindong
进深	jinshen
进港	jingang
进献	jinxian
进站	jinzhan
进谏	jinjian
进贤	jinxian
进香	jinxiang
远扬	yuanyang
远视	yuanshi
违例	weili
违宪	weixian
违纪	weiji
连成	liancheng
连结	lianjie
连署	lianshu
迪迪	didi
述及	shuji
适中	shizhong
适宜	shiyi
适用	shiyong
逐字	zhuzi
递解	dijie
通令	tongling
通例	tongli
通化	tonghua
通史	tongshi
通城	tongcheng
通志	tongzhi
通政	tongzheng
通称	tongcheng
通识	tongshi
通霄	tongxiao
逝世	shishi
逸动	yidong
逼使	bishi
逼视	bishi
逾半	yuban
遂行	suixing
遇事	yushi
遗像	yixiang
遗址	yizhi
遗孤	yigu
遗属	yishu
遗志	yizhi
遗族	yizu
遗毒	yidu
遗稿	yigao
遗精	yijing
遣使	qianshi
遥想	yaoxiang
邀集	yaoji
邮电	youdian
邮资	youzi
邵氏	shaoshi
郏县	jiaxian
郑家	zhengjia
郓城	yuncheng
郧县	yunxian
郧阳	yunyang
部级	buji
部里	buli
部际	buji
部首	bushou
郾城	yancheng
鄞县	yinxian
鄢陵	yanling
鄯善	shanshan
酉阳	youyang
酒井	jiujing
酒器	jiuqi
酱味	jiangwei
采行	caixing
采食	caishi
释义	shiyi
释法	shifa
里克	like
里兹	lizi
重于	zhongyu
重刑	zhongxing
重地	zhongdi
重奖	zhongjiang
重机	zhongji
重油	zhongyou
重疾	zhongji
重达	zhongda
量值	liangzhi
量具	liangju
量级	liangji
金乡	jinxiang
金井	jinjing
金城	jincheng
金家	jinjia
金岸	jinan
金昌	jinchang
金殿	jindian
金氏	jinshi
金源	jinyuan
金溪	jinxi
金质	jinzhi
金领	jinling
金饰	jinshi
金鸡	jinji
鉴真	jianzhen
钟意	zhongyi
钢背	gangbei
钳制	qianzhi
铜仁	tongren
铜制	tongzhi
铜质	tongzhi
铜陵	tongling
银圆	yinyuan
银时	yinshi
银杏	yinxing
银质	yinzhi
银鱼	yinyu
铸件	zhujian
链结	lianjie
锆石	gaoshi
锦城	jincheng
锦屏	jinping
锦江	jinjiang
键鼠	jianshu
镇远	zhenyuan
长刀	changdao
长到	zhangdao
长史	zhangshi
长吁	changxu
长垣	changyuan
长庆	changqing
长石	changshi
长编	changbian
长诗	changshi
闪动	shandong
闲事	xianshi
闲人	xianren
闲得	xiande
闲时	xianshi
闲暇	xianxia
闲适	xianshi
间或	jianhuo
间接	jianjie
间断	jianduan
防制	fangzhi
防化	fanghua
防治	fangzhi
防锁	fangsuo
防震	fangzhen
阳信	yangxin
阳城	yangcheng
阳子	yangzi
阴湿	yinshi
阵势	zhenshi
阿难	anan
附中	fuzhong
际遇	jiyu
陇东	longdong
降脂	jiangzhi
限令	xianling
限值	xianzhi
限时	xianshi
限界	xianjie
限行	xianxing
陕县	shanxian
除中	chuzhong
除役	chuyi
除有	chuyou
除湿	chushi
陵县	lingxian
隐性	yinxing
隐现	yinxian
难友	nanyou
雅丽	yali
集市	jishi
集束	jishu
集水	jishui
集齐	jiqi
雌花	cihua
雨势	yushi
雨声	yusheng
雨衣	yuyi
雪原	xueyuan
雪城	xuecheng
零时	lingshi
零陵	lingling
需时	xushi
震中	zhenzhong
霎时	shashi
霰弹	xiandan
青县	qingxian
青田	qingtian
青石	qingshi
青蜂	qingfeng
青衣	qingyi
青阳	qingyang
青鱼	qingyu
靖远	jingyuan
静力	jingli
静止	jingzhi
静置	jingzhi
静观	jingguan
非礼	feili
面市	mianshi
面授	mianshou
面纸	mianzhi
鞭刑	bianxing
韦氏	weishi
韧性	renxing
韩江	hanjiang
韩裔	hanyi
音响	yinxiang
音箱	yinxiang
项城	xiangcheng
项英	xiangying
顾忌	guji
颁行	banxing
领花	linghua
颗粒	keli
题量	tiliang
风箱	fengxiang
风纪	fengji
风致	fengzhi
飞离	feili
食性	shixing
食指	shizhi
食油	shiyou
食用	shiyong
食盐	shiyan
食管	shiguan
食者	shizhe
飨宴	xiangyan
饥馑	jijin
饰演	shiyan
饰物	shiwu
饰面	shimian
饲育	siyu
首倡	shouchang
首办	shouban
首季	shouji
首尾	shouwei
首张	shouzhang
首架	shoujia
首版	shouban
首见	shoujian
首诗	shoushi
首辅	shoufu
首集	shouji
香亭	xiangting
香气	xiangqi
香河	xianghe
香花	xianghua
香香	xiangxiang
马道	madao
马里	mali
驶进	shijin
驻点	zhudian
驾机	jiaji
驿道	yidao
骁骑	xiaoqi
骑乘	qicheng
骑士	qishi
骑师	qishi
高小	gaoxiao
高市	gaoshi
高扬	gaoyang
高纬	gaowei
高质	gaozhi
高限	gaoxian
高陵	gaoling
魏县	weixian
魏征	weizheng
魔导	modao
鱼眼	yuyan
鱼种	yuzhong
鱼线	yuxian
鱼鹰	yuying
鲜味	xianwei
鲜鱼	xianyu
鲤科	like
鲫鱼	jiyu
鸢尾	yuanwei
鸣响	mingxiang
鸿雁	hongyan
鹤峰	hefeng
鹰击	yingji
鹰爪	yingzhao
麻利	mali
麻吉	maji
麻生	masheng
黄麻	huangma
黔江	qianjiang
默里	moli
黛比	daibi
黟县	yixian
鼎立	dingli
齐力	qili
齐唱	qichang
齐家	qijia
齐集	qiji
