# priority terms: guaranteed CLEX membership (modern rank<=30000, wanxiang weight>=1000, personal)
一丝
一个多
一中
一事
一任
一例
一具
一击
一加
一动
一向
一周年
一味
一四
一声
一季
一宗
一尝
一己
一席
一幅
一建
一护
一掌
一支
一时
一时期
一期
一案
一棵
一死
一汽
一滴
一玩
一程
一章
一箭
一箱
一色
一记
一课
一辈
一长
一间
一题
七十
万以上
万公顷
万千瓦
万博
万立方米
三个代表
三农
三尺
三板
三民
三民主义
三江
三相
三聚氰胺
三路
三通
上佳
上家
上帝保佑
上星期
上议院
上集
不一
不人道
不以
不伤
不值
不利
不力
不只
不实用
不已
不彰
不惜一切
不法
不济
不离
不计
不详
不语
不长
不香
与会者
与你同在
专刊
专治
专程
世事
世博会
世界贸易组织
世界遗产
世祖
世贸组织
世间
世面
东京都
东北亚
东北角
东城区
东方红
东湖
东盟
东站
东至
东莞市
东路
东非
两个卄
两会
两国关系
两字
两季
两岸关系
两股
两院
两集
严防
丧葬
个人崇拜
个例
中东地区
中书省
中信
中共中央
中兴
中创
中华人民共和国
中南海
中南部
中叶
中国史
中国日报
中国联通
中央党校
中央军委
中央委员
中央社
中央纪委
中子
中宣部
中巴
中常
中指
中文网
中新
中新社
中新网
中楷
中港
中游
中点
中症
中种
中端
中等教育
中级
中纪委
中美洲
中视
中都
中非
丰台
丰硕
串流
临时政府
临江
临汾
临沂
临海
丹阳
为期
为生
为题
为食
为饵
主任委员
主席团
主战
举重
义乌
义勇军
义父
之书
之争
之事
之于
之剑
之力
之势
之友
之名
之城
之声
之意
之时
之春
之机
之极
之称
之行
之道
乌兹别克
乌兹别克斯坦
乌鲁木齐
乔木
乘积
乙级
九五
九箱
九项
九龙
习近平
乡试
乡长
书刊
书成
书记处
买主
争执
事事
事例
事先
事务局
事务部
事宜
事迹
事项
二十七年
二十三日
二十六年
二日
二路
云林
互信
五味
五座
五星红旗
五是
五级
井冈山
亚热带
亚细亚
亚里士多德
交汇
交流会
交火
交由
亦是
产业园
产销
京师
京报
京津冀
亲临
亲热
人口数
人口普查
人命
人因
人大代表
人性
人民代表
人民党
人民公社
人民大会堂
人民检察院
亿万
亿件
亿桶
亿立方米
亿颗
什叶派
仅是
介质
从严
他讲
仙人
仙桃
代表人
代表大会
令人不安
令行
以不
以其
以利
以期
以示
以至
以致
仪器
件事
价值量
任免
任内
仿制
企业界
伊始
伊斯坦布尔
伊犁
伎俩
众议员
优步
优胜者
会像
会后
会向
会员国
会展中心
会想
会馆
传道
伤及
伸张正义
伸直
伺服器
伺机
位处
位移
住建
住民
体坛
佛塔
佛山市
佛罗里达州
你们好
你老
佳丽
佳肴
使之
使它
使馆
供用
依仗
依依
依法治国
依附
侨民
侨胞
侵华
促进会
俄方
俄罗斯联邦
保利
保护主义
保释
修正主义
候补委员
倡导者
值守
值得一提的是
倾倒
假消息
假药
停刊
停办
停火协议
停赛
偷税
像在
像样
僵尸
儿童文学
儿童节
元华
元宵节
先得
光明网
克里
克里姆林宫
党中央
党务
党史
党和国家
党团
党建
党性
党支部
党政军
党校
党章
党籍
党组
党组书记
党组织
党部
党魁
入籍
入网
全会
全国人大
全国政协
全时
全球华人
全裸
八五
八仙
八号
八名
八日
公使
公债
公共安全
公共汽车
公共秩序
公历
公吨
公安厅
公室
公尺
公示
公营
公车上
六中全会
六十年
六号
六届
六日
六角
六项
共事
共产主义者
共生
共识
共青团
关系人
兴办
兴国
兴旺
兵种
其子
其父
具名
典籍
典藏
养鸡场
兼任
内政部长
内蒙古自治区
内设
再向
再想
再犯
再生能源
写真集
军长
农具
农副产品
农地
农工
农机
农用
决算
决议案
冻醒
净值
准决赛
凉凉
凌迟
减值
减到
减脂
减至
几件
几度
几斤
几时
几棵
几滴
几粒
几项
凤凰网
出世
出京
出入境
出口额
出声
出首
击出
击剑
分社
分设
分院
刘少奇
创举
创伤
创制
创办人
创建者
创汇
初时
初相
初等
初试
初音
利器
制宪
制度化
制式
制程
前值
前导
前置
前震
前首相
剑山
剩的
剪纸
副会长
副省长
割成
力克
办公厅
加利福尼亚
加利福尼亚州
加时
加蓬
加装
加香
务实
动车组
劳教
势力
勿扰
匈牙利语
化学工业
北川
北戴河
北条
北洋政府
北路
区政府
区长
医务
医师
医治
匾额
十一届
十七
十三届
十三岁
十二五
十二届
十人
十件
十余
十佳
十八个
十八日
十几
十名
十字
十届
十种
十里
千件
千余
千瓦
升值
升力
升格
升至
半裸
华洋
华表
协办
协议书
单枞
卖房
卖淫
南京市
南华早报
南县
南口
南向
南城
南沙
南疆
南站
南路
博鳌
卡扎菲
卫士
卫生局
卫生部长
卫生院
印度尼西亚
危及
即位
即日起
即是
即期
历险记
原住
原址
原式
原形
原田
原由
原石
原籍
厦门市
厨师
去想
县境
县市
县府
县志
县政府
参政
参议
参访
参赞
参选人
又一
又与
又以
又名
又是
及第
及至
友谊
双椒
双边关系
双龙
反党
反对党
反日
反美
反腐败
发展局
发情
发生爆炸
受托
受访
受难者
变质
古田
古称
句型
另一回事
只愿
只点
只知
只限
叫到
叫道
可视
可追溯
台东
台中市
台北市
史家
史考特
史诗
右倾
叶利钦
叶剑英
司法院
各县
各族
各样
各界人士
合肥市
吉克
吉安
吉尔吉斯
吉尔吉斯斯坦
吉达
同乡
同党
同是
同治
同盟会
同量
同高
名古屋
名士
名山
名胜区
后于
后入
后市
吏部
吐鲁番
向你
向其
向她
向西
君主立宪
君士坦丁堡
听证
启事
吸力
告密
呼呼
呼和浩特
咸宁
咸蟹
哈尔滨市
哈萨克
哈萨克斯坦
哈马斯
哗然
哥伦比亚大学
哥斯达黎加
哪里找
唧唧
唱到
唱得
商丘
商事
商务印书馆
商议
喀什
喀麦隆
喉舌
嘉实
嘉庆
四人帮
四平
四座
四级
四集
回乡
回佣
回想
回族
回线
因涉嫌
因缘
团委
团子
园景
围棋
国会议员
国共
国务
国史
国大党
国家元首
国师
国庆日
国教
国清
国相
国祥
国联
国贼
国际货币基金组织
图说
圆柱
土地改革
土改
圣方
在先
圭亚那
地区性
地委
地热
场场
坎普
坚实
垂死
型式
垮台
埃塞俄比亚
城东
基尔
基德
基本建设
基督
基石
基质
塔吉克斯坦
塞纳
塬上
墙纸
增加值
增收
士人
壮族
声誉
处世
处所
处理厂
复利
外交关系
外交政策
外宾
外长
多万元
多明尼加
多月
多来
多项
大专院校
大中型
大乘
大会堂
大到
大商
大圣
大埔
大声疾呼
大奖赛
大奶
大姨
大字报
大岛
大底
大成
大洋洲
大湾
大灾难
大理
大理寺
大盗
大石
大码
大礼
大福
大赏
大连市
大鸡
天安
天门
天顺
天鹰
太仓
太迟
失事
失地
失常
失忆
失物
失礼
失禁
失误
头条新闻
夺下
奖得主
奖惩
奠基
奥委会
女奴
女子监狱
女将
她向
好了吗
好想你
好烦
妈咪
妈祖
始建
姑苏
姜维
威州
娱乐场
娱乐城
子星
孔庙
孝道
孟买
季刊
学生妹
宁夏回族自治区
它又
它由
安东尼奥
安倍
安倍晋三
安全法
安全部门
安国
安理会
安阳
宋庆龄
完全同意
宗室
宗教自由
官方版
官职
宜人
宜兰县
宜兴
宜家
宜居
宜昌
宝塔
宝山
实为
实事
实例
实务
实收
实重
审定
客运
宣传部长
宣统
宪政
宪法法院
宫城县
宫里
家世
家庄
宽频
寄点
寄语
富力
富商
富民
察哈尔
寻人
寻获
导火线
寿险
封信
射向
将之
将使
将成
将至
小事
小农
小命
小学校
小巷
小泉
小生
小电
小结
小节
小贤
小道
小颖
小食
尖刀
尖叫声
尖端
尖货
尸检
尼亚
尼日尔
尾气
局局长
届时
届满
屏东
展演
展览馆
山南
山道
山镇
山门
岂是
岳母
州府
州政府
巡回演出
巡回演唱
巡回赛
巡礼
巡航导弹
工业园
工事
工人党
工作坊
工农
工农业
工时
左倾
巨石
巨蛋
巨轮
巩俐
巫山
巫师
已与
已付
已向
已无
已是
已死
巴东
巴尔干半岛
巴尔的摩
巴布亚新几内亚
巷子
币值
市井
市县
市委
市委书记
市直
市立
市级
市议员
市辖区
市集
布什
布宜诺斯艾利斯
布尔什维克
布施
布置
布艺
布衣
布隆迪
师从
师资
带头人
席次
常务副
常委会
常由
常设
干流
平安无事
平线
平阳
并为
并使
并进
幼时
幽香
广宇
广西壮族自治区
庆幸
庆贺
库尔德
应从
应力
应是
应试
店址
座谈
康拉德
廉政
廉洁
延时
延至
建党
建军
建制
建委
建树
建桥
建置
开发区
开挖
开赛
异位
异味
异响
异见
异议人士
式子
引致
引荐
弗吉尼亚州
弗拉基米尔
张家港
张闻天
强直
归结
当好
形上
形制
形势
形管
彭德怀
彰化
影史
影带
征得
很受
得票
御史
微利
微机
微移
微粒
微鲸
德里
心性
心悸
志向
忠实
忧郁
快播
念佛
怎办
急事
急于
总书记
总产值
总产量
总兵
总则
总参
总参谋长
总工会
总工程师
总干事
总站
总编辑
总领事
恋恋
恋童
恐怖活动
恐怖组织
恶斗
患上了
情到
情势
情报机构
惨重
惯着
想像
想见
想赚
意为
意向
意志
意愿
意指
意甲
意象
感谢上帝
愿为
慈禧太后
慕容
慰安妇
戈尔巴乔夫
戏里
成衣
我活
我点
我错
戒指
战时
战胜国
戾气
所有制
手势
手竿
手绘
打一
打歌
扣扣
执事
执委会
执导
执意
执政者
执法人员
执行长
扶助
扶植
承保
承做
承包商
承德
承租
承继
承运
技师
技术开发区
投注站
抗暴
抚恤
抚顺
抢修
抢劫案
护国
护法
报上
抵死
拉斯维加斯
拉脱维亚
招式
招待所
拦阻
拨乱反正
拿地
指使
指明
指称
按摩师
挤死
挺直
捍卫者
捐出
授意
掌眼
排水量
排污
探视
接机
推展
推特上
插进去
揭示
援华
搞砸
搭上
摊贩
摩尔多瓦
撕毁
撞上
撤职
播映
撷取
攀枝花
支一
支教
收为
收支
收涨
收的
收腹
收藏价
收视
收账
收音
改由
改选
改革方案
攻击机
攻防
政事
政制
政协委员
政客
政工
政教
政治化
政治委员
政治局
政治权利
政治部
政法委
故事片
敌机
救市
教她
教师节
教研室
教职员
教育厅
教育界
教育部长
数十名
数天
数家
数控
数理
数百名
数的
数钱
整件事
整得
整治
整风
整首
文化局
文化教育
文化节
文工团
文摘
文教
文昌
文汇报
文物保护
文莱
斯德哥尔摩
斯洛文尼亚
新制
新功
新北
新北市
新华门
新台币
新四军
新报
新文化
新春
新桥
新浪网
新港
新疆维吾尔自治区
新石器
新竹
新纪元
新路
新闻社
新闻自由
新闻频道
方面军
施以
施政
施诗
旗帜鲜明
无一
无事
无以
无国界
无意
无政府
无政府主义
无理
无疑
无码
无视
无锡市
既可
既已
既是
日本国
日本首相
日电
日经
旧事
旧时
旧有
旧称
旨意
时事
时任
时区
时已
时数
时时
时有
时用
时至
时装周
时钟
时间中
昆士兰
昆明市
明镜
易经
是一
是人
是以
是件
是位
是假
是像
是去
是哩
是小
是想
是用
是真
是种
显式
普林斯顿大学
普选
景德镇
暂行
暴利
曲式
有件事
有型
有性
有想
有意
有生
有线
有违
有限责任
服务公司
服务站
服输
朝圣
朝日
朝阳区
未获
本报
本站
术士
朱镕基
朴槿惠
机位
机具
机密文件
机师
机理
机电
机种
机长
李先念
李光耀
李克强
李子
李家
李斯
李显龙
李登辉
李鹏
村级
杜鲁门
条码
杨尚昆
杨广
杭州市
极值
极地
极好
极富
极有
林业局
林彪
枢密院
枪的
架势
某种意义
柔佛
查清
查获
柿子
校名
校花
核废料
核试
格力
格里
桥下
桥面
梁家
梁振英
梧州
检定
检察机关
楼凤
楼宇
槟城
模特儿
橙味
橡胶
欢迎您
正事
正像
正副
正史
正妻
正常化
正德
正极
正气
正畸
正装
步长
武力
武昌
武艺
死定了
死机
死难者
殿试
毛里塔尼亚
毛里求斯
民主人士
民主党派
民主派
民主运动
民主革命
民情
民意调查
民房
民政局
民政部
民族主义者
民盟
民粹主义
民营化
民进党
民选
水产品
水污染
水淹
永和
永康
永福
永续
汇贤
汉学
汉族人
汗王
江泽民
江门
江青
污染源
污渍
汤原
汶川
沈清
沈阳市
沙市
沙漠化
沙特阿拉伯
没入
沦丧
沧州
河口
河段
河源
河里
河间
油市
沾有
沿袭
泉城
泊位
法国政府
法政
法新社
法西斯主义
法轮功
波利
泰安
泸州
洋菜
洋财
洛克希德
洪堡
洪森
洪灾
活佛
派克
派驻
济南市
济宁
浓烟
海南省
海宁
海淀区
消瘦
消解
消闲
涟涟
涤丝
淄博
深化改革
深处
深港
深知
混双
清净
清初
清河
渊源
渔村
渥太华
温家宝
温氏
港人
渴死
游历
游弋
游民
游离
游行
游行示威
游鱼
湄公河
湖广
湘潭
湿手
湿疣
湿疹
源氏
溢出
滨海
演员表
潍坊
潘基文
澎湖
火力
火箭弹
火箭炮
灭口
灰线
灾情
点触
炼油
烧光
热烈欢迎
热舞
热身赛
煎锅
照人
熊本
熔化
熟制
熟时
燃煤
爆炸事件
爆炸案
爆表
爆金币
爆金币了
爱妻
爱民
爱莉
父王
牡丹江
牧区
物力
牵线
特洛伊
特首
犯罪现场
独立国家
独裁政权
狮子山
猩猩
猪手
猪脚
玉山
环上
环球时报
环球网
现世
现值
现场直播
现时
班禅
理事
生下
生产总值
生人
生字
生小孩
生崽
生得
生是
生机
生殖
生父
生猪
生育
用电量
田间
甲状
电视网
电视频道
男双
男同志
男同性恋
画轴
畜生
番号
番禺
畸形
疆域
疏离
病虫害
病逝
症结
瘦肉精
登载
白俄
白沙
白色恐怖
百变
百名
百岁
皆是
监事
监制
监督管理
盗圣
盘问
盛世
盛华
直指
直直
直隶
相吻
相异
相问
相靠
省下来
省事
省力
省城
省市
省政府
省时
省立
省网
真事
真像
真够
真挚
真相
督办
瞭望
矢量
知事
知府
知性
石家庄市
石川
石林
石桥
石窟
石英
矿藏
研习
研修
硬体
硬尾
礁石
示人
示例
示范区
礼部
社会主义者
社会党
社民党
神兽
票选
祭司
祭祀
禁令
禁运
禅师
福州市
离世
离奇
离子
离退休
种族主义者
科教
科斯
科特迪瓦
科科
科维奇
科罗拉多州
科里
秘密警察
积分榜
积淀
积聚
移位
移出
移植
程式
税制
稔熟
稻米
空中巴士
穿得
立宪
立时
立法会
立法者
立法院
立起
竞相
竟敢
童工
童装
笑到
笑道
笔记本电脑
第一夫人
第一次世界大战
第七届
第三批
第九届
第二次世界大战
第五届
第八届
第六届
第十届
筑底
答的
答道
筹委会
筹措
筹组
简史
管委会
管所
管理处
管理权
管辖权
米兰达
米娜
粉丝团
粉嫩
粒子
粗大
粮油
精制
精辟
系里
紧实
累死
红树林
级数
纪委
纪委书记
纪实
纪念堂
纪检
纪检组
纵火
纸上
纸笔
纸钱
纺织业
纽约州
纽西兰
练熟
组图
组成员
组织法
绅士
细的
终极
经济体制
经济带
经济网
经济部
经贸
结实
结石
结社
给与
绝密
统制
统战
统战部
绥靖
绳之以法
绳网
维吾尔
维吾尔族
维基
综合治理
综观
缔约
缔约国
编修
编成
编组
编者按
缝线
缴税
罂粟
网络版
网络空间
网费
网赚
网路
罩杯
置顶
美利坚合众国
美国会
美国联邦
美国陆军
美联社
美腿
美高梅
群英
翔实
翰林院
翻修
老翁
老龄
耳屎
耳饰
耶稣基督
职称
职级
联合体
联合报
联合政府
联络线
联署
联邦制
联队
聘任
肃清
肇庆
肌理
育成
育种
胃镜
背弃
背鳍
胜于
胡耀邦
胡锦涛
胶块
脱衣舞
脱贫
腐蚀
自民党
自治县
自治州
自治权
自贸区
至深
至清
至熟
致信
致函
致远
航空兵
航空器
航站楼
舰载
色情片
色情网站
艺体
艺文
艺术团
艺术展
艺术节
艺术馆
艾丽
艾利
节制
芝士
芭蕾舞
花冠
苏共
苏州市
苗族
苗条
英国首相
英威
英才
英皇
英联邦
荔枝
莉丝
莫桑比克
获选
菁英
菏泽
菱形
营位
营口
萨德
萨摩亚
董军
蒙面
蒸汽
蔡元培
薏仁
薪传
藉由
藏人
虹桥
蚌埠
血缘
行事
行使
行刑
行动党
行动者
行劫
行宫
行政区
行政区域
行政命令
行政长官
行政院
行星
行至
行驶
街景
街机
衡阳
衣物
补益
表率
衷心
裁军
装甲师
装设
裸聊
西北部
西单
西双版纳
西城区
西天
西沙
西藏自治区
西路
要建
见人
见见
见识
观堂
观察家
视点
视界
视窗
解出
解放区
解放思想
解放战争
触点
誓言
警力
计委
订定
训练班
议事
议会选举
议员
议定书
议院
记事
记者会
记述
许下
论辩
证实
评审团
评鉴
识图
识字
识字率
诊室
译员
译成
译自
试乘
试制
试剂
试管
试验区
诗作
诗集
诞辰
诠释
该报
该机
该省
该站
该车
该院
详情请
详文
详见
语意
误事
说事
说时
请原谅
请参阅
请示
诸将
诸岛
诺贝尔和平奖
诺贝尔文学奖
课时
调位
调查组
谋害
贝尔格莱德
贡士
财政局
责任制
责成
质检
质点
质素
贫农
贫困县
贵州省
资格赛
资讯网
赋值
赌钱
赏心
赏识
赛果
赛马会
赣州
赤峰
赤脚
赵丽颖
赵家
赶赴
足彩
跃上
路透
路透社
身受
转投
转机
转职
转贴
轮式
轶事
轻工业
载垣
较之
辅食
辩解
迁居
迁至
迎春
运输业
运量
近周
近郊
进击
进士
进宫
进站
远视
违宪
违纪
连云港
连战
连日
连结
连署
连队
追思
送医
适中
适宜
适用
选举人
选举法
选派
逊尼派
通则
通史
通称
通讯社
通识
通车
通霄
逝世
造林
逸动
遇事
遇难者
遗址
遗精
遵义
邮政编码
邮电
郑州市
部级
部长会议
都市报
都督府
都统
鄂尔多斯
鄂州
酱味
酷暑
释义
里克
里约热内卢
重疾
野战军
量级
金大中
金岸
金日成
金正恩
金沙
金砖
金钱豹
金龙
钓鱼岛
钟意
钢背
铁路线
铁道部
银奖
银杏
锁上
键鼠
长刀
长吁
长春市
长沙市
长治久安
长足
长青
门人
门市
闲人
闲得
闲时
闲暇
间接
间断
阮成发
防汛
防治
防洪
防锁
阿勒颇
阿塞拜疆
阿姆斯特丹
阿尔卑斯山
阿尔及利亚
阿尔巴尼亚
阿萨德
附中
陈水扁
降脂
限时
限行
院中
院落
除中
陪审员
隆庆
随同
隐性
集市
集齐
雨衣
青岛市
青年团
青海省
靖国神社
静冈县
静止
静置
非礼
革命党
革命军
鞍山
鞭刑
韧性
韩国政府
韩流
音响
音箱
顾忌
预备役
预算案
领导小组
领导班子
领海
领花
颗粒
题量
额定
风景线
食品药品
食性
食指
食用
食盐
食管
饰演
饰面
首办
首尾
首张
首演
首版
首集
香亭
香格里拉
香气
香港特别行政区
香香
马克思主义
马六甲
马列
马列主义
马哈迪
马航
马英九
马达加斯加
马里
马鞍山
驶入
驻华
驻外
骑士
骚逼
高小
高新区
高级中学
高速铁路
高限
高雄市
鲜味
鲫鱼
鹿角
麻利
麻生
麻省理工学院
黄冈
黄埔
黄金周
黑丝
黑龙江省
齐鲁
齐齐哈尔
龙华
龙口
龙山
龙泉
龙舟
